ID,TIME_ROUTE_1,COST_ROUTE_1,TIME_ROUTE_2,COST_ROUTE_2,CHOICE
1,20,6.5,30,3,
1,20,6.5,35,3,
2,20,6.5,30,3,
2,20,6.5,35,3,
3,20,6.5,30,3,
3,20,6.5,35,3,
4,20,6.5,30,3,
4,20,6.5,35,3,
5,20,6.5,30,3,
5,20,6.5,35,3,
6,20,6.5,30,3,
6,20,6.5,35,3,
7,20,6.5,30,3,
7,20,6.5,35,3,
8,20,6.5,30,3,
8,20,6.5,35,3,
9,20,6.5,30,3,
9,20,6.5,35,3,
10,20,6.5,30,3,
10,20,6.5,35,3,
11,20,6.5,30,3,
11,20,6.5,35,3,
12,20,6.5,30,3,
12,20,6.5,35,3,
13,20,6.5,30,3,
13,20,6.5,35,3,
14,20,6.5,30,3,
14,20,6.5,35,3,
15,20,6.5,30,3,
15,20,6.5,35,3,
16,20,6.5,30,3,
16,20,6.5,35,3,
17,20,6.5,30,3,
17,20,6.5,35,3,
18,20,6.5,30,3,
18,20,6.5,35,3,
19,20,6.5,30,3,
19,20,6.5,35,3,
20,20,6.5,30,3,
20,20,6.5,35,3,
21,20,6.5,30,3,
21,20,6.5,35,3,
22,20,6.5,30,3,
22,20,6.5,35,3,
23,20,6.5,30,3,
23,20,6.5,35,3,
24,20,6.5,30,3,
24,20,6.5,35,3,
25,20,6.5,30,3,
25,20,6.5,35,3,
26,20,6.5,30,3,
26,20,6.5,35,3,
27,20,6.5,30,3,
27,20,6.5,35,3,
28,20,6.5,30,3,
28,20,6.5,35,3,
29,20,6.5,30,3,
29,20,6.5,35,3,
30,20,6.5,30,3,
30,20,6.5,35,3,
31,20,6.5,30,3,
31,20,6.5,35,3,
32,20,6.5,30,3,
32,20,6.5,35,3,
33,20,6.5,30,3,
33,20,6.5,35,3,
34,20,6.5,30,3,
34,20,6.5,35,3,
35,20,6.5,30,3,
35,20,6.5,35,3,
36,20,6.5,30,3,
36,20,6.5,35,3,
37,20,6.5,30,3,
37,20,6.5,35,3,
38,20,6.5,30,3,
38,20,6.5,35,3,
39,20,6.5,30,3,
39,20,6.5,35,3,
40,20,6.5,30,3,
40,20,6.5,35,3,
41,20,6.5,30,3,
41,20,6.5,35,3,
42,20,6.5,30,3,
42,20,6.5,35,3,
43,20,6.5,30,3,
43,20,6.5,35,3,
44,20,6.5,30,3,
44,20,6.5,35,3,
45,20,6.5,30,3,
45,20,6.5,35,3,
46,20,6.5,30,3,
46,20,6.5,35,3,
47,20,6.5,30,3,
47,20,6.5,35,3,
48,20,6.5,30,3,
48,20,6.5,35,3,
49,20,6.5,30,3,
49,20,6.5,35,3,
50,20,6.5,30,3,
50,20,6.5,35,3,
51,20,6.5,30,3,
51,20,6.5,35,3,
52,20,6.5,30,3,
52,20,6.5,35,3,
53,20,6.5,30,3,
53,20,6.5,35,3,
54,20,6.5,30,3,
54,20,6.5,35,3,
55,20,6.5,30,3,
55,20,6.5,35,3,
56,20,6.5,30,3,
56,20,6.5,35,3,
57,20,6.5,30,3,
57,20,6.5,35,3,
58,20,6.5,30,3,
58,20,6.5,35,3,
59,20,6.5,30,3,
59,20,6.5,35,3,
60,20,6.5,30,3,
60,20,6.5,35,3,
61,20,6.5,30,3,
61,20,6.5,35,3,
62,20,6.5,30,3,
62,20,6.5,35,3,
63,20,6.5,30,3,
63,20,6.5,35,3,
64,20,6.5,30,3,
64,20,6.5,35,3,
65,20,6.5,30,3,
65,20,6.5,35,3,
66,20,6.5,30,3,
66,20,6.5,35,3,
67,20,6.5,30,3,
67,20,6.5,35,3,
68,20,6.5,30,3,
68,20,6.5,35,3,
69,20,6.5,30,3,
69,20,6.5,35,3,
70,20,6.5,30,3,
70,20,6.5,35,3,
71,20,6.5,30,3,
71,20,6.5,35,3,
72,20,6.5,30,3,
72,20,6.5,35,3,
73,20,6.5,30,3,
73,20,6.5,35,3,
74,20,6.5,30,3,
74,20,6.5,35,3,
75,20,6.5,30,3,
75,20,6.5,35,3,
76,20,6.5,30,3,
76,20,6.5,35,3,
77,20,6.5,30,3,
77,20,6.5,35,3,
78,20,6.5,30,3,
78,20,6.5,35,3,
79,20,6.5,30,3,
79,20,6.5,35,3,
80,20,6.5,30,3,
80,20,6.5,35,3,
81,20,6.5,30,3,
81,20,6.5,35,3,
82,20,6.5,30,3,
82,20,6.5,35,3,
83,20,6.5,30,3,
83,20,6.5,35,3,
84,20,6.5,30,3,
84,20,6.5,35,3,
85,20,6.5,30,3,
85,20,6.5,35,3,
86,20,6.5,30,3,
86,20,6.5,35,3,
87,20,6.5,30,3,
87,20,6.5,35,3,
88,20,6.5,30,3,
88,20,6.5,35,3,
89,20,6.5,30,3,
89,20,6.5,35,3,
90,20,6.5,30,3,
90,20,6.5,35,3,
91,20,6.5,30,3,
91,20,6.5,35,3,
92,20,6.5,30,3,
92,20,6.5,35,3,
93,20,6.5,30,3,
93,20,6.5,35,3,
94,20,6.5,30,3,
94,20,6.5,35,3,
95,20,6.5,30,3,
95,20,6.5,35,3,
96,20,6.5,30,3,
96,20,6.5,35,3,
97,20,6.5,30,3,
97,20,6.5,35,3,
98,20,6.5,30,3,
98,20,6.5,35,3,
99,20,6.5,30,3,
99,20,6.5,35,3,
100,20,6.5,30,3,
100,20,6.5,35,3,
101,20,6.5,30,3,
101,20,6.5,35,3,
102,20,6.5,30,3,
102,20,6.5,35,3,
103,20,6.5,30,3,
103,20,6.5,35,3,
104,20,6.5,30,3,
104,20,6.5,35,3,
105,20,6.5,30,3,
105,20,6.5,35,3,
106,20,6.5,30,3,
106,20,6.5,35,3,
107,20,6.5,30,3,
107,20,6.5,35,3,
108,20,6.5,30,3,
108,20,6.5,35,3,
109,20,6.5,30,3,
109,20,6.5,35,3,
110,20,6.5,30,3,
110,20,6.5,35,3,
111,20,6.5,30,3,
111,20,6.5,35,3,
112,20,6.5,30,3,
112,20,6.5,35,3,
113,20,6.5,30,3,
113,20,6.5,35,3,
114,20,6.5,30,3,
114,20,6.5,35,3,
115,20,6.5,30,3,
115,20,6.5,35,3,
116,20,6.5,30,3,
116,20,6.5,35,3,
117,20,6.5,30,3,
117,20,6.5,35,3,
118,20,6.5,30,3,
118,20,6.5,35,3,
119,20,6.5,30,3,
119,20,6.5,35,3,
120,20,6.5,30,3,
120,20,6.5,35,3,
121,20,6.5,30,3,
121,20,6.5,35,3,
122,20,6.5,30,3,
122,20,6.5,35,3,
123,20,6.5,30,3,
123,20,6.5,35,3,
124,20,6.5,30,3,
124,20,6.5,35,3,
125,20,6.5,30,3,
125,20,6.5,35,3,
126,20,6.5,30,3,
126,20,6.5,35,3,
127,20,6.5,30,3,
127,20,6.5,35,3,
128,20,6.5,30,3,
128,20,6.5,35,3,
129,20,6.5,30,3,
129,20,6.5,35,3,
130,20,6.5,30,3,
130,20,6.5,35,3,
131,20,6.5,30,3,
131,20,6.5,35,3,
132,20,6.5,30,3,
132,20,6.5,35,3,
133,20,6.5,30,3,
133,20,6.5,35,3,
134,20,6.5,30,3,
134,20,6.5,35,3,
135,20,6.5,30,3,
135,20,6.5,35,3,
136,20,6.5,30,3,
136,20,6.5,35,3,
137,20,6.5,30,3,
137,20,6.5,35,3,
138,20,6.5,30,3,
138,20,6.5,35,3,
139,20,6.5,30,3,
139,20,6.5,35,3,
140,20,6.5,30,3,
140,20,6.5,35,3,
141,20,6.5,30,3,
141,20,6.5,35,3,
142,20,6.5,30,3,
142,20,6.5,35,3,
143,20,6.5,30,3,
143,20,6.5,35,3,
144,20,6.5,30,3,
144,20,6.5,35,3,
145,20,6.5,30,3,
145,20,6.5,35,3,
146,20,6.5,30,3,
146,20,6.5,35,3,
147,20,6.5,30,3,
147,20,6.5,35,3,
148,20,6.5,30,3,
148,20,6.5,35,3,
149,20,6.5,30,3,
149,20,6.5,35,3,
150,20,6.5,30,3,
150,20,6.5,35,3,
151,20,6.5,30,3,
151,20,6.5,35,3,
152,20,6.5,30,3,
152,20,6.5,35,3,
153,20,6.5,30,3,
153,20,6.5,35,3,
154,20,6.5,30,3,
154,20,6.5,35,3,
155,20,6.5,30,3,
155,20,6.5,35,3,
156,20,6.5,30,3,
156,20,6.5,35,3,
157,20,6.5,30,3,
157,20,6.5,35,3,
158,20,6.5,30,3,
158,20,6.5,35,3,
159,20,6.5,30,3,
159,20,6.5,35,3,
160,20,6.5,30,3,
160,20,6.5,35,3,
161,20,6.5,30,3,
161,20,6.5,35,3,
162,20,6.5,30,3,
162,20,6.5,35,3,
163,20,6.5,30,3,
163,20,6.5,35,3,
164,20,6.5,30,3,
164,20,6.5,35,3,
165,20,6.5,30,3,
165,20,6.5,35,3,
166,20,6.5,30,3,
166,20,6.5,35,3,
167,20,6.5,30,3,
167,20,6.5,35,3,
168,20,6.5,30,3,
168,20,6.5,35,3,
169,20,6.5,30,3,
169,20,6.5,35,3,
170,20,6.5,30,3,
170,20,6.5,35,3,
171,20,6.5,30,3,
171,20,6.5,35,3,
172,20,6.5,30,3,
172,20,6.5,35,3,
173,20,6.5,30,3,
173,20,6.5,35,3,
174,20,6.5,30,3,
174,20,6.5,35,3,
175,20,6.5,30,3,
175,20,6.5,35,3,
176,20,6.5,30,3,
176,20,6.5,35,3,
177,20,6.5,30,3,
177,20,6.5,35,3,
178,20,6.5,30,3,
178,20,6.5,35,3,
179,20,6.5,30,3,
179,20,6.5,35,3,
180,20,6.5,30,3,
180,20,6.5,35,3,
181,20,6.5,30,3,
181,20,6.5,35,3,
182,20,6.5,30,3,
182,20,6.5,35,3,
183,20,6.5,30,3,
183,20,6.5,35,3,
184,20,6.5,30,3,
184,20,6.5,35,3,
185,20,6.5,30,3,
185,20,6.5,35,3,
186,20,6.5,30,3,
186,20,6.5,35,3,
187,20,6.5,30,3,
187,20,6.5,35,3,
188,20,6.5,30,3,
188,20,6.5,35,3,
189,20,6.5,30,3,
189,20,6.5,35,3,
190,20,6.5,30,3,
190,20,6.5,35,3,
191,20,6.5,30,3,
191,20,6.5,35,3,
192,20,6.5,30,3,
192,20,6.5,35,3,
193,20,6.5,30,3,
193,20,6.5,35,3,
194,20,6.5,30,3,
194,20,6.5,35,3,
195,20,6.5,30,3,
195,20,6.5,35,3,
196,20,6.5,30,3,
196,20,6.5,35,3,
197,20,6.5,30,3,
197,20,6.5,35,3,
198,20,6.5,30,3,
198,20,6.5,35,3,
199,20,6.5,30,3,
199,20,6.5,35,3,
200,20,6.5,30,3,
200,20,6.5,35,3,
201,20,6.5,30,3,
201,20,6.5,35,3,
202,20,6.5,30,3,
202,20,6.5,35,3,
203,20,6.5,30,3,
203,20,6.5,35,3,
204,20,6.5,30,3,
204,20,6.5,35,3,
205,20,6.5,30,3,
205,20,6.5,35,3,
206,20,6.5,30,3,
206,20,6.5,35,3,
207,20,6.5,30,3,
207,20,6.5,35,3,
208,20,6.5,30,3,
208,20,6.5,35,3,
209,20,6.5,30,3,
209,20,6.5,35,3,
210,20,6.5,30,3,
210,20,6.5,35,3,
211,20,6.5,30,3,
211,20,6.5,35,3,
212,20,6.5,30,3,
212,20,6.5,35,3,
213,20,6.5,30,3,
213,20,6.5,35,3,
214,20,6.5,30,3,
214,20,6.5,35,3,
215,20,6.5,30,3,
215,20,6.5,35,3,
216,20,6.5,30,3,
216,20,6.5,35,3,
217,20,6.5,30,3,
217,20,6.5,35,3,
218,20,6.5,30,3,
218,20,6.5,35,3,
219,20,6.5,30,3,
219,20,6.5,35,3,
220,20,6.5,30,3,
220,20,6.5,35,3,
221,20,6.5,30,3,
221,20,6.5,35,3,
222,20,6.5,30,3,
222,20,6.5,35,3,
223,20,6.5,30,3,
223,20,6.5,35,3,
224,20,6.5,30,3,
224,20,6.5,35,3,
225,20,6.5,30,3,
225,20,6.5,35,3,
226,20,6.5,30,3,
226,20,6.5,35,3,
227,20,6.5,30,3,
227,20,6.5,35,3,
228,20,6.5,30,3,
228,20,6.5,35,3,
229,20,6.5,30,3,
229,20,6.5,35,3,
230,20,6.5,30,3,
230,20,6.5,35,3,
231,20,6.5,30,3,
231,20,6.5,35,3,
232,20,6.5,30,3,
232,20,6.5,35,3,
233,20,6.5,30,3,
233,20,6.5,35,3,
234,20,6.5,30,3,
234,20,6.5,35,3,
235,20,6.5,30,3,
235,20,6.5,35,3,
236,20,6.5,30,3,
236,20,6.5,35,3,
237,20,6.5,30,3,
237,20,6.5,35,3,
238,20,6.5,30,3,
238,20,6.5,35,3,
239,20,6.5,30,3,
239,20,6.5,35,3,
240,20,6.5,30,3,
240,20,6.5,35,3,
241,20,6.5,30,3,
241,20,6.5,35,3,
242,20,6.5,30,3,
242,20,6.5,35,3,
243,20,6.5,30,3,
243,20,6.5,35,3,
244,20,6.5,30,3,
244,20,6.5,35,3,
245,20,6.5,30,3,
245,20,6.5,35,3,
246,20,6.5,30,3,
246,20,6.5,35,3,
247,20,6.5,30,3,
247,20,6.5,35,3,
248,20,6.5,30,3,
248,20,6.5,35,3,
249,20,6.5,30,3,
249,20,6.5,35,3,
250,20,6.5,30,3,
250,20,6.5,35,3,
251,20,6.5,30,3,
251,20,6.5,35,3,
252,20,6.5,30,3,
252,20,6.5,35,3,
253,20,6.5,30,3,
253,20,6.5,35,3,
254,20,6.5,30,3,
254,20,6.5,35,3,
255,20,6.5,30,3,
255,20,6.5,35,3,
256,20,6.5,30,3,
256,20,6.5,35,3,
257,20,6.5,30,3,
257,20,6.5,35,3,
258,20,6.5,30,3,
258,20,6.5,35,3,
259,20,6.5,30,3,
259,20,6.5,35,3,
260,20,6.5,30,3,
260,20,6.5,35,3,
261,20,6.5,30,3,
261,20,6.5,35,3,
262,20,6.5,30,3,
262,20,6.5,35,3,
263,20,6.5,30,3,
263,20,6.5,35,3,
264,20,6.5,30,3,
264,20,6.5,35,3,
265,20,6.5,30,3,
265,20,6.5,35,3,
266,20,6.5,30,3,
266,20,6.5,35,3,
267,20,6.5,30,3,
267,20,6.5,35,3,
268,20,6.5,30,3,
268,20,6.5,35,3,
269,20,6.5,30,3,
269,20,6.5,35,3,
270,20,6.5,30,3,
270,20,6.5,35,3,
271,20,6.5,30,3,
271,20,6.5,35,3,
272,20,6.5,30,3,
272,20,6.5,35,3,
273,20,6.5,30,3,
273,20,6.5,35,3,
274,20,6.5,30,3,
274,20,6.5,35,3,
275,20,6.5,30,3,
275,20,6.5,35,3,
276,20,6.5,30,3,
276,20,6.5,35,3,
277,20,6.5,30,3,
277,20,6.5,35,3,
278,20,6.5,30,3,
278,20,6.5,35,3,
279,20,6.5,30,3,
279,20,6.5,35,3,
280,20,6.5,30,3,
280,20,6.5,35,3,
281,20,6.5,30,3,
281,20,6.5,35,3,
282,20,6.5,30,3,
282,20,6.5,35,3,
283,20,6.5,30,3,
283,20,6.5,35,3,
284,20,6.5,30,3,
284,20,6.5,35,3,
285,20,6.5,30,3,
285,20,6.5,35,3,
286,20,6.5,30,3,
286,20,6.5,35,3,
287,20,6.5,30,3,
287,20,6.5,35,3,
288,20,6.5,30,3,
288,20,6.5,35,3,
289,20,6.5,30,3,
289,20,6.5,35,3,
290,20,6.5,30,3,
290,20,6.5,35,3,
291,20,6.5,30,3,
291,20,6.5,35,3,
292,20,6.5,30,3,
292,20,6.5,35,3,
293,20,6.5,30,3,
293,20,6.5,35,3,
294,20,6.5,30,3,
294,20,6.5,35,3,
295,20,6.5,30,3,
295,20,6.5,35,3,
296,20,6.5,30,3,
296,20,6.5,35,3,
297,20,6.5,30,3,
297,20,6.5,35,3,
298,20,6.5,30,3,
298,20,6.5,35,3,
299,20,6.5,30,3,
299,20,6.5,35,3,
300,20,6.5,30,3,
300,20,6.5,35,3,
301,20,6.5,30,3,
301,20,6.5,35,3,
302,20,6.5,30,3,
302,20,6.5,35,3,
303,20,6.5,30,3,
303,20,6.5,35,3,
304,20,6.5,30,3,
304,20,6.5,35,3,
305,20,6.5,30,3,
305,20,6.5,35,3,
306,20,6.5,30,3,
306,20,6.5,35,3,
307,20,6.5,30,3,
307,20,6.5,35,3,
308,20,6.5,30,3,
308,20,6.5,35,3,
309,20,6.5,30,3,
309,20,6.5,35,3,
310,20,6.5,30,3,
310,20,6.5,35,3,
311,20,6.5,30,3,
311,20,6.5,35,3,
312,20,6.5,30,3,
312,20,6.5,35,3,
313,20,6.5,30,3,
313,20,6.5,35,3,
314,20,6.5,30,3,
314,20,6.5,35,3,
315,20,6.5,30,3,
315,20,6.5,35,3,
316,20,6.5,30,3,
316,20,6.5,35,3,
317,20,6.5,30,3,
317,20,6.5,35,3,
318,20,6.5,30,3,
318,20,6.5,35,3,
319,20,6.5,30,3,
319,20,6.5,35,3,
320,20,6.5,30,3,
320,20,6.5,35,3,
321,20,6.5,30,3,
321,20,6.5,35,3,
322,20,6.5,30,3,
322,20,6.5,35,3,
323,20,6.5,30,3,
323,20,6.5,35,3,
324,20,6.5,30,3,
324,20,6.5,35,3,
325,20,6.5,30,3,
325,20,6.5,35,3,
326,20,6.5,30,3,
326,20,6.5,35,3,
327,20,6.5,30,3,
327,20,6.5,35,3,
328,20,6.5,30,3,
328,20,6.5,35,3,
329,20,6.5,30,3,
329,20,6.5,35,3,
330,20,6.5,30,3,
330,20,6.5,35,3,
331,20,6.5,30,3,
331,20,6.5,35,3,
332,20,6.5,30,3,
332,20,6.5,35,3,
333,20,6.5,30,3,
333,20,6.5,35,3,
334,20,6.5,30,3,
334,20,6.5,35,3,
335,20,6.5,30,3,
335,20,6.5,35,3,
336,20,6.5,30,3,
336,20,6.5,35,3,
337,20,6.5,30,3,
337,20,6.5,35,3,
338,20,6.5,30,3,
338,20,6.5,35,3,
339,20,6.5,30,3,
339,20,6.5,35,3,
340,20,6.5,30,3,
340,20,6.5,35,3,
341,20,6.5,30,3,
341,20,6.5,35,3,
342,20,6.5,30,3,
342,20,6.5,35,3,
343,20,6.5,30,3,
343,20,6.5,35,3,
344,20,6.5,30,3,
344,20,6.5,35,3,
345,20,6.5,30,3,
345,20,6.5,35,3,
346,20,6.5,30,3,
346,20,6.5,35,3,
347,20,6.5,30,3,
347,20,6.5,35,3,
348,20,6.5,30,3,
348,20,6.5,35,3,
349,20,6.5,30,3,
349,20,6.5,35,3,
350,20,6.5,30,3,
350,20,6.5,35,3,
351,20,6.5,30,3,
351,20,6.5,35,3,
352,20,6.5,30,3,
352,20,6.5,35,3,
353,20,6.5,30,3,
353,20,6.5,35,3,
354,20,6.5,30,3,
354,20,6.5,35,3,
355,20,6.5,30,3,
355,20,6.5,35,3,
356,20,6.5,30,3,
356,20,6.5,35,3,
357,20,6.5,30,3,
357,20,6.5,35,3,
358,20,6.5,30,3,
358,20,6.5,35,3,
359,20,6.5,30,3,
359,20,6.5,35,3,
360,20,6.5,30,3,
360,20,6.5,35,3,
361,20,6.5,30,3,
361,20,6.5,35,3,
362,20,6.5,30,3,
362,20,6.5,35,3,
363,20,6.5,30,3,
363,20,6.5,35,3,
364,20,6.5,30,3,
364,20,6.5,35,3,
365,20,6.5,30,3,
365,20,6.5,35,3,
366,20,6.5,30,3,
366,20,6.5,35,3,
367,20,6.5,30,3,
367,20,6.5,35,3,
368,20,6.5,30,3,
368,20,6.5,35,3,
369,20,6.5,30,3,
369,20,6.5,35,3,
370,20,6.5,30,3,
370,20,6.5,35,3,
371,20,6.5,30,3,
371,20,6.5,35,3,
372,20,6.5,30,3,
372,20,6.5,35,3,
373,20,6.5,30,3,
373,20,6.5,35,3,
374,20,6.5,30,3,
374,20,6.5,35,3,
375,20,6.5,30,3,
375,20,6.5,35,3,
376,20,6.5,30,3,
376,20,6.5,35,3,
377,20,6.5,30,3,
377,20,6.5,35,3,
378,20,6.5,30,3,
378,20,6.5,35,3,
379,20,6.5,30,3,
379,20,6.5,35,3,
380,20,6.5,30,3,
380,20,6.5,35,3,
381,20,6.5,30,3,
381,20,6.5,35,3,
382,20,6.5,30,3,
382,20,6.5,35,3,
383,20,6.5,30,3,
383,20,6.5,35,3,
384,20,6.5,30,3,
384,20,6.5,35,3,
385,20,6.5,30,3,
385,20,6.5,35,3,
386,20,6.5,30,3,
386,20,6.5,35,3,
387,20,6.5,30,3,
387,20,6.5,35,3,
388,20,6.5,30,3,
388,20,6.5,35,3,
389,20,6.5,30,3,
389,20,6.5,35,3,
390,20,6.5,30,3,
390,20,6.5,35,3,
391,20,6.5,30,3,
391,20,6.5,35,3,
392,20,6.5,30,3,
392,20,6.5,35,3,
393,20,6.5,30,3,
393,20,6.5,35,3,
394,20,6.5,30,3,
394,20,6.5,35,3,
395,20,6.5,30,3,
395,20,6.5,35,3,
396,20,6.5,30,3,
396,20,6.5,35,3,
397,20,6.5,30,3,
397,20,6.5,35,3,
398,20,6.5,30,3,
398,20,6.5,35,3,
399,20,6.5,30,3,
399,20,6.5,35,3,
400,20,6.5,30,3,
400,20,6.5,35,3,
401,20,6.5,30,3,
401,20,6.5,35,3,
402,20,6.5,30,3,
402,20,6.5,35,3,
403,20,6.5,30,3,
403,20,6.5,35,3,
404,20,6.5,30,3,
404,20,6.5,35,3,
405,20,6.5,30,3,
405,20,6.5,35,3,
406,20,6.5,30,3,
406,20,6.5,35,3,
407,20,6.5,30,3,
407,20,6.5,35,3,
408,20,6.5,30,3,
408,20,6.5,35,3,
409,20,6.5,30,3,
409,20,6.5,35,3,
410,20,6.5,30,3,
410,20,6.5,35,3,
411,20,6.5,30,3,
411,20,6.5,35,3,
412,20,6.5,30,3,
412,20,6.5,35,3,
413,20,6.5,30,3,
413,20,6.5,35,3,
414,20,6.5,30,3,
414,20,6.5,35,3,
415,20,6.5,30,3,
415,20,6.5,35,3,
416,20,6.5,30,3,
416,20,6.5,35,3,
417,20,6.5,30,3,
417,20,6.5,35,3,
418,20,6.5,30,3,
418,20,6.5,35,3,
419,20,6.5,30,3,
419,20,6.5,35,3,
420,20,6.5,30,3,
420,20,6.5,35,3,
421,20,6.5,30,3,
421,20,6.5,35,3,
422,20,6.5,30,3,
422,20,6.5,35,3,
423,20,6.5,30,3,
423,20,6.5,35,3,
424,20,6.5,30,3,
424,20,6.5,35,3,
425,20,6.5,30,3,
425,20,6.5,35,3,
426,20,6.5,30,3,
426,20,6.5,35,3,
427,20,6.5,30,3,
427,20,6.5,35,3,
428,20,6.5,30,3,
428,20,6.5,35,3,
429,20,6.5,30,3,
429,20,6.5,35,3,
430,20,6.5,30,3,
430,20,6.5,35,3,
431,20,6.5,30,3,
431,20,6.5,35,3,
432,20,6.5,30,3,
432,20,6.5,35,3,
433,20,6.5,30,3,
433,20,6.5,35,3,
434,20,6.5,30,3,
434,20,6.5,35,3,
435,20,6.5,30,3,
435,20,6.5,35,3,
436,20,6.5,30,3,
436,20,6.5,35,3,
437,20,6.5,30,3,
437,20,6.5,35,3,
438,20,6.5,30,3,
438,20,6.5,35,3,
439,20,6.5,30,3,
439,20,6.5,35,3,
440,20,6.5,30,3,
440,20,6.5,35,3,
441,20,6.5,30,3,
441,20,6.5,35,3,
442,20,6.5,30,3,
442,20,6.5,35,3,
443,20,6.5,30,3,
443,20,6.5,35,3,
444,20,6.5,30,3,
444,20,6.5,35,3,
445,20,6.5,30,3,
445,20,6.5,35,3,
446,20,6.5,30,3,
446,20,6.5,35,3,
447,20,6.5,30,3,
447,20,6.5,35,3,
448,20,6.5,30,3,
448,20,6.5,35,3,
449,20,6.5,30,3,
449,20,6.5,35,3,
450,20,6.5,30,3,
450,20,6.5,35,3,
451,20,6.5,30,3,
451,20,6.5,35,3,
452,20,6.5,30,3,
452,20,6.5,35,3,
453,20,6.5,30,3,
453,20,6.5,35,3,
454,20,6.5,30,3,
454,20,6.5,35,3,
455,20,6.5,30,3,
455,20,6.5,35,3,
456,20,6.5,30,3,
456,20,6.5,35,3,
457,20,6.5,30,3,
457,20,6.5,35,3,
458,20,6.5,30,3,
458,20,6.5,35,3,
459,20,6.5,30,3,
459,20,6.5,35,3,
460,20,6.5,30,3,
460,20,6.5,35,3,
461,20,6.5,30,3,
461,20,6.5,35,3,
462,20,6.5,30,3,
462,20,6.5,35,3,
463,20,6.5,30,3,
463,20,6.5,35,3,
464,20,6.5,30,3,
464,20,6.5,35,3,
465,20,6.5,30,3,
465,20,6.5,35,3,
466,20,6.5,30,3,
466,20,6.5,35,3,
467,20,6.5,30,3,
467,20,6.5,35,3,
468,20,6.5,30,3,
468,20,6.5,35,3,
469,20,6.5,30,3,
469,20,6.5,35,3,
470,20,6.5,30,3,
470,20,6.5,35,3,
471,20,6.5,30,3,
471,20,6.5,35,3,
472,20,6.5,30,3,
472,20,6.5,35,3,
473,20,6.5,30,3,
473,20,6.5,35,3,
474,20,6.5,30,3,
474,20,6.5,35,3,
475,20,6.5,30,3,
475,20,6.5,35,3,
476,20,6.5,30,3,
476,20,6.5,35,3,
477,20,6.5,30,3,
477,20,6.5,35,3,
478,20,6.5,30,3,
478,20,6.5,35,3,
479,20,6.5,30,3,
479,20,6.5,35,3,
480,20,6.5,30,3,
480,20,6.5,35,3,
481,20,6.5,30,3,
481,20,6.5,35,3,
482,20,6.5,30,3,
482,20,6.5,35,3,
483,20,6.5,30,3,
483,20,6.5,35,3,
484,20,6.5,30,3,
484,20,6.5,35,3,
485,20,6.5,30,3,
485,20,6.5,35,3,
486,20,6.5,30,3,
486,20,6.5,35,3,
487,20,6.5,30,3,
487,20,6.5,35,3,
488,20,6.5,30,3,
488,20,6.5,35,3,
489,20,6.5,30,3,
489,20,6.5,35,3,
490,20,6.5,30,3,
490,20,6.5,35,3,
491,20,6.5,30,3,
491,20,6.5,35,3,
492,20,6.5,30,3,
492,20,6.5,35,3,
493,20,6.5,30,3,
493,20,6.5,35,3,
494,20,6.5,30,3,
494,20,6.5,35,3,
495,20,6.5,30,3,
495,20,6.5,35,3,
496,20,6.5,30,3,
496,20,6.5,35,3,
497,20,6.5,30,3,
497,20,6.5,35,3,
498,20,6.5,30,3,
498,20,6.5,35,3,
499,20,6.5,30,3,
499,20,6.5,35,3,
500,20,6.5,30,3,
500,20,6.5,35,3,
501,20,6.5,30,3,
501,20,6.5,35,3,
502,20,6.5,30,3,
502,20,6.5,35,3,
503,20,6.5,30,3,
503,20,6.5,35,3,
504,20,6.5,30,3,
504,20,6.5,35,3,
505,20,6.5,30,3,
505,20,6.5,35,3,
506,20,6.5,30,3,
506,20,6.5,35,3,
507,20,6.5,30,3,
507,20,6.5,35,3,
508,20,6.5,30,3,
508,20,6.5,35,3,
509,20,6.5,30,3,
509,20,6.5,35,3,
510,20,6.5,30,3,
510,20,6.5,35,3,
511,20,6.5,30,3,
511,20,6.5,35,3,
512,20,6.5,30,3,
512,20,6.5,35,3,
513,20,6.5,30,3,
513,20,6.5,35,3,
514,20,6.5,30,3,
514,20,6.5,35,3,
515,20,6.5,30,3,
515,20,6.5,35,3,
516,20,6.5,30,3,
516,20,6.5,35,3,
517,20,6.5,30,3,
517,20,6.5,35,3,
518,20,6.5,30,3,
518,20,6.5,35,3,
519,20,6.5,30,3,
519,20,6.5,35,3,
520,20,6.5,30,3,
520,20,6.5,35,3,
521,20,6.5,30,3,
521,20,6.5,35,3,
522,20,6.5,30,3,
522,20,6.5,35,3,
523,20,6.5,30,3,
523,20,6.5,35,3,
524,20,6.5,30,3,
524,20,6.5,35,3,
525,20,6.5,30,3,
525,20,6.5,35,3,
526,20,6.5,30,3,
526,20,6.5,35,3,
527,20,6.5,30,3,
527,20,6.5,35,3,
528,20,6.5,30,3,
528,20,6.5,35,3,
529,20,6.5,30,3,
529,20,6.5,35,3,
530,20,6.5,30,3,
530,20,6.5,35,3,
531,20,6.5,30,3,
531,20,6.5,35,3,
532,20,6.5,30,3,
532,20,6.5,35,3,
533,20,6.5,30,3,
533,20,6.5,35,3,
534,20,6.5,30,3,
534,20,6.5,35,3,
535,20,6.5,30,3,
535,20,6.5,35,3,
536,20,6.5,30,3,
536,20,6.5,35,3,
537,20,6.5,30,3,
537,20,6.5,35,3,
538,20,6.5,30,3,
538,20,6.5,35,3,
539,20,6.5,30,3,
539,20,6.5,35,3,
540,20,6.5,30,3,
540,20,6.5,35,3,
541,20,6.5,30,3,
541,20,6.5,35,3,
542,20,6.5,30,3,
542,20,6.5,35,3,
543,20,6.5,30,3,
543,20,6.5,35,3,
544,20,6.5,30,3,
544,20,6.5,35,3,
545,20,6.5,30,3,
545,20,6.5,35,3,
546,20,6.5,30,3,
546,20,6.5,35,3,
547,20,6.5,30,3,
547,20,6.5,35,3,
548,20,6.5,30,3,
548,20,6.5,35,3,
549,20,6.5,30,3,
549,20,6.5,35,3,
550,20,6.5,30,3,
550,20,6.5,35,3,
551,20,6.5,30,3,
551,20,6.5,35,3,
552,20,6.5,30,3,
552,20,6.5,35,3,
553,20,6.5,30,3,
553,20,6.5,35,3,
554,20,6.5,30,3,
554,20,6.5,35,3,
555,20,6.5,30,3,
555,20,6.5,35,3,
556,20,6.5,30,3,
556,20,6.5,35,3,
557,20,6.5,30,3,
557,20,6.5,35,3,
558,20,6.5,30,3,
558,20,6.5,35,3,
559,20,6.5,30,3,
559,20,6.5,35,3,
560,20,6.5,30,3,
560,20,6.5,35,3,
561,20,6.5,30,3,
561,20,6.5,35,3,
562,20,6.5,30,3,
562,20,6.5,35,3,
563,20,6.5,30,3,
563,20,6.5,35,3,
564,20,6.5,30,3,
564,20,6.5,35,3,
565,20,6.5,30,3,
565,20,6.5,35,3,
566,20,6.5,30,3,
566,20,6.5,35,3,
567,20,6.5,30,3,
567,20,6.5,35,3,
568,20,6.5,30,3,
568,20,6.5,35,3,
569,20,6.5,30,3,
569,20,6.5,35,3,
570,20,6.5,30,3,
570,20,6.5,35,3,
571,20,6.5,30,3,
571,20,6.5,35,3,
572,20,6.5,30,3,
572,20,6.5,35,3,
573,20,6.5,30,3,
573,20,6.5,35,3,
574,20,6.5,30,3,
574,20,6.5,35,3,
575,20,6.5,30,3,
575,20,6.5,35,3,
576,20,6.5,30,3,
576,20,6.5,35,3,
577,20,6.5,30,3,
577,20,6.5,35,3,
578,20,6.5,30,3,
578,20,6.5,35,3,
579,20,6.5,30,3,
579,20,6.5,35,3,
580,20,6.5,30,3,
580,20,6.5,35,3,
581,20,6.5,30,3,
581,20,6.5,35,3,
582,20,6.5,30,3,
582,20,6.5,35,3,
583,20,6.5,30,3,
583,20,6.5,35,3,
584,20,6.5,30,3,
584,20,6.5,35,3,
585,20,6.5,30,3,
585,20,6.5,35,3,
586,20,6.5,30,3,
586,20,6.5,35,3,
587,20,6.5,30,3,
587,20,6.5,35,3,
588,20,6.5,30,3,
588,20,6.5,35,3,
589,20,6.5,30,3,
589,20,6.5,35,3,
590,20,6.5,30,3,
590,20,6.5,35,3,
591,20,6.5,30,3,
591,20,6.5,35,3,
592,20,6.5,30,3,
592,20,6.5,35,3,
593,20,6.5,30,3,
593,20,6.5,35,3,
594,20,6.5,30,3,
594,20,6.5,35,3,
595,20,6.5,30,3,
595,20,6.5,35,3,
596,20,6.5,30,3,
596,20,6.5,35,3,
597,20,6.5,30,3,
597,20,6.5,35,3,
598,20,6.5,30,3,
598,20,6.5,35,3,
599,20,6.5,30,3,
599,20,6.5,35,3,
600,20,6.5,30,3,
600,20,6.5,35,3,
601,20,6.5,30,3,
601,20,6.5,35,3,
602,20,6.5,30,3,
602,20,6.5,35,3,
603,20,6.5,30,3,
603,20,6.5,35,3,
604,20,6.5,30,3,
604,20,6.5,35,3,
605,20,6.5,30,3,
605,20,6.5,35,3,
606,20,6.5,30,3,
606,20,6.5,35,3,
607,20,6.5,30,3,
607,20,6.5,35,3,
608,20,6.5,30,3,
608,20,6.5,35,3,
609,20,6.5,30,3,
609,20,6.5,35,3,
610,20,6.5,30,3,
610,20,6.5,35,3,
611,20,6.5,30,3,
611,20,6.5,35,3,
612,20,6.5,30,3,
612,20,6.5,35,3,
613,20,6.5,30,3,
613,20,6.5,35,3,
614,20,6.5,30,3,
614,20,6.5,35,3,
615,20,6.5,30,3,
615,20,6.5,35,3,
616,20,6.5,30,3,
616,20,6.5,35,3,
617,20,6.5,30,3,
617,20,6.5,35,3,
618,20,6.5,30,3,
618,20,6.5,35,3,
619,20,6.5,30,3,
619,20,6.5,35,3,
620,20,6.5,30,3,
620,20,6.5,35,3,
621,20,6.5,30,3,
621,20,6.5,35,3,
622,20,6.5,30,3,
622,20,6.5,35,3,
623,20,6.5,30,3,
623,20,6.5,35,3,
624,20,6.5,30,3,
624,20,6.5,35,3,
625,20,6.5,30,3,
625,20,6.5,35,3,
626,20,6.5,30,3,
626,20,6.5,35,3,
627,20,6.5,30,3,
627,20,6.5,35,3,
628,20,6.5,30,3,
628,20,6.5,35,3,
629,20,6.5,30,3,
629,20,6.5,35,3,
630,20,6.5,30,3,
630,20,6.5,35,3,
631,20,6.5,30,3,
631,20,6.5,35,3,
632,20,6.5,30,3,
632,20,6.5,35,3,
633,20,6.5,30,3,
633,20,6.5,35,3,
634,20,6.5,30,3,
634,20,6.5,35,3,
635,20,6.5,30,3,
635,20,6.5,35,3,
636,20,6.5,30,3,
636,20,6.5,35,3,
637,20,6.5,30,3,
637,20,6.5,35,3,
638,20,6.5,30,3,
638,20,6.5,35,3,
639,20,6.5,30,3,
639,20,6.5,35,3,
640,20,6.5,30,3,
640,20,6.5,35,3,
641,20,6.5,30,3,
641,20,6.5,35,3,
642,20,6.5,30,3,
642,20,6.5,35,3,
643,20,6.5,30,3,
643,20,6.5,35,3,
644,20,6.5,30,3,
644,20,6.5,35,3,
645,20,6.5,30,3,
645,20,6.5,35,3,
646,20,6.5,30,3,
646,20,6.5,35,3,
647,20,6.5,30,3,
647,20,6.5,35,3,
648,20,6.5,30,3,
648,20,6.5,35,3,
649,20,6.5,30,3,
649,20,6.5,35,3,
650,20,6.5,30,3,
650,20,6.5,35,3,
651,20,6.5,30,3,
651,20,6.5,35,3,
652,20,6.5,30,3,
652,20,6.5,35,3,
653,20,6.5,30,3,
653,20,6.5,35,3,
654,20,6.5,30,3,
654,20,6.5,35,3,
655,20,6.5,30,3,
655,20,6.5,35,3,
656,20,6.5,30,3,
656,20,6.5,35,3,
657,20,6.5,30,3,
657,20,6.5,35,3,
658,20,6.5,30,3,
658,20,6.5,35,3,
659,20,6.5,30,3,
659,20,6.5,35,3,
660,20,6.5,30,3,
660,20,6.5,35,3,
661,20,6.5,30,3,
661,20,6.5,35,3,
662,20,6.5,30,3,
662,20,6.5,35,3,
663,20,6.5,30,3,
663,20,6.5,35,3,
664,20,6.5,30,3,
664,20,6.5,35,3,
665,20,6.5,30,3,
665,20,6.5,35,3,
666,20,6.5,30,3,
666,20,6.5,35,3,
667,20,6.5,30,3,
667,20,6.5,35,3,
668,20,6.5,30,3,
668,20,6.5,35,3,
669,20,6.5,30,3,
669,20,6.5,35,3,
670,20,6.5,30,3,
670,20,6.5,35,3,
671,20,6.5,30,3,
671,20,6.5,35,3,
672,20,6.5,30,3,
672,20,6.5,35,3,
673,20,6.5,30,3,
673,20,6.5,35,3,
674,20,6.5,30,3,
674,20,6.5,35,3,
675,20,6.5,30,3,
675,20,6.5,35,3,
676,20,6.5,30,3,
676,20,6.5,35,3,
677,20,6.5,30,3,
677,20,6.5,35,3,
678,20,6.5,30,3,
678,20,6.5,35,3,
679,20,6.5,30,3,
679,20,6.5,35,3,
680,20,6.5,30,3,
680,20,6.5,35,3,
681,20,6.5,30,3,
681,20,6.5,35,3,
682,20,6.5,30,3,
682,20,6.5,35,3,
683,20,6.5,30,3,
683,20,6.5,35,3,
684,20,6.5,30,3,
684,20,6.5,35,3,
685,20,6.5,30,3,
685,20,6.5,35,3,
686,20,6.5,30,3,
686,20,6.5,35,3,
687,20,6.5,30,3,
687,20,6.5,35,3,
688,20,6.5,30,3,
688,20,6.5,35,3,
689,20,6.5,30,3,
689,20,6.5,35,3,
690,20,6.5,30,3,
690,20,6.5,35,3,
691,20,6.5,30,3,
691,20,6.5,35,3,
692,20,6.5,30,3,
692,20,6.5,35,3,
693,20,6.5,30,3,
693,20,6.5,35,3,
694,20,6.5,30,3,
694,20,6.5,35,3,
695,20,6.5,30,3,
695,20,6.5,35,3,
696,20,6.5,30,3,
696,20,6.5,35,3,
697,20,6.5,30,3,
697,20,6.5,35,3,
698,20,6.5,30,3,
698,20,6.5,35,3,
699,20,6.5,30,3,
699,20,6.5,35,3,
700,20,6.5,30,3,
700,20,6.5,35,3,
701,20,6.5,30,3,
701,20,6.5,35,3,
702,20,6.5,30,3,
702,20,6.5,35,3,
703,20,6.5,30,3,
703,20,6.5,35,3,
704,20,6.5,30,3,
704,20,6.5,35,3,
705,20,6.5,30,3,
705,20,6.5,35,3,
706,20,6.5,30,3,
706,20,6.5,35,3,
707,20,6.5,30,3,
707,20,6.5,35,3,
708,20,6.5,30,3,
708,20,6.5,35,3,
709,20,6.5,30,3,
709,20,6.5,35,3,
710,20,6.5,30,3,
710,20,6.5,35,3,
711,20,6.5,30,3,
711,20,6.5,35,3,
712,20,6.5,30,3,
712,20,6.5,35,3,
713,20,6.5,30,3,
713,20,6.5,35,3,
714,20,6.5,30,3,
714,20,6.5,35,3,
715,20,6.5,30,3,
715,20,6.5,35,3,
716,20,6.5,30,3,
716,20,6.5,35,3,
717,20,6.5,30,3,
717,20,6.5,35,3,
718,20,6.5,30,3,
718,20,6.5,35,3,
719,20,6.5,30,3,
719,20,6.5,35,3,
720,20,6.5,30,3,
720,20,6.5,35,3,
721,20,6.5,30,3,
721,20,6.5,35,3,
722,20,6.5,30,3,
722,20,6.5,35,3,
723,20,6.5,30,3,
723,20,6.5,35,3,
724,20,6.5,30,3,
724,20,6.5,35,3,
725,20,6.5,30,3,
725,20,6.5,35,3,
726,20,6.5,30,3,
726,20,6.5,35,3,
727,20,6.5,30,3,
727,20,6.5,35,3,
728,20,6.5,30,3,
728,20,6.5,35,3,
729,20,6.5,30,3,
729,20,6.5,35,3,
730,20,6.5,30,3,
730,20,6.5,35,3,
731,20,6.5,30,3,
731,20,6.5,35,3,
732,20,6.5,30,3,
732,20,6.5,35,3,
733,20,6.5,30,3,
733,20,6.5,35,3,
734,20,6.5,30,3,
734,20,6.5,35,3,
735,20,6.5,30,3,
735,20,6.5,35,3,
736,20,6.5,30,3,
736,20,6.5,35,3,
737,20,6.5,30,3,
737,20,6.5,35,3,
738,20,6.5,30,3,
738,20,6.5,35,3,
739,20,6.5,30,3,
739,20,6.5,35,3,
740,20,6.5,30,3,
740,20,6.5,35,3,
741,20,6.5,30,3,
741,20,6.5,35,3,
742,20,6.5,30,3,
742,20,6.5,35,3,
743,20,6.5,30,3,
743,20,6.5,35,3,
744,20,6.5,30,3,
744,20,6.5,35,3,
745,20,6.5,30,3,
745,20,6.5,35,3,
746,20,6.5,30,3,
746,20,6.5,35,3,
747,20,6.5,30,3,
747,20,6.5,35,3,
748,20,6.5,30,3,
748,20,6.5,35,3,
749,20,6.5,30,3,
749,20,6.5,35,3,
750,20,6.5,30,3,
750,20,6.5,35,3,
751,20,6.5,30,3,
751,20,6.5,35,3,
752,20,6.5,30,3,
752,20,6.5,35,3,
753,20,6.5,30,3,
753,20,6.5,35,3,
754,20,6.5,30,3,
754,20,6.5,35,3,
755,20,6.5,30,3,
755,20,6.5,35,3,
756,20,6.5,30,3,
756,20,6.5,35,3,
757,20,6.5,30,3,
757,20,6.5,35,3,
758,20,6.5,30,3,
758,20,6.5,35,3,
759,20,6.5,30,3,
759,20,6.5,35,3,
760,20,6.5,30,3,
760,20,6.5,35,3,
761,20,6.5,30,3,
761,20,6.5,35,3,
762,20,6.5,30,3,
762,20,6.5,35,3,
763,20,6.5,30,3,
763,20,6.5,35,3,
764,20,6.5,30,3,
764,20,6.5,35,3,
765,20,6.5,30,3,
765,20,6.5,35,3,
766,20,6.5,30,3,
766,20,6.5,35,3,
767,20,6.5,30,3,
767,20,6.5,35,3,
768,20,6.5,30,3,
768,20,6.5,35,3,
769,20,6.5,30,3,
769,20,6.5,35,3,
770,20,6.5,30,3,
770,20,6.5,35,3,
771,20,6.5,30,3,
771,20,6.5,35,3,
772,20,6.5,30,3,
772,20,6.5,35,3,
773,20,6.5,30,3,
773,20,6.5,35,3,
774,20,6.5,30,3,
774,20,6.5,35,3,
775,20,6.5,30,3,
775,20,6.5,35,3,
776,20,6.5,30,3,
776,20,6.5,35,3,
777,20,6.5,30,3,
777,20,6.5,35,3,
778,20,6.5,30,3,
778,20,6.5,35,3,
779,20,6.5,30,3,
779,20,6.5,35,3,
780,20,6.5,30,3,
780,20,6.5,35,3,
781,20,6.5,30,3,
781,20,6.5,35,3,
782,20,6.5,30,3,
782,20,6.5,35,3,
783,20,6.5,30,3,
783,20,6.5,35,3,
784,20,6.5,30,3,
784,20,6.5,35,3,
785,20,6.5,30,3,
785,20,6.5,35,3,
786,20,6.5,30,3,
786,20,6.5,35,3,
787,20,6.5,30,3,
787,20,6.5,35,3,
788,20,6.5,30,3,
788,20,6.5,35,3,
789,20,6.5,30,3,
789,20,6.5,35,3,
790,20,6.5,30,3,
790,20,6.5,35,3,
791,20,6.5,30,3,
791,20,6.5,35,3,
792,20,6.5,30,3,
792,20,6.5,35,3,
793,20,6.5,30,3,
793,20,6.5,35,3,
794,20,6.5,30,3,
794,20,6.5,35,3,
795,20,6.5,30,3,
795,20,6.5,35,3,
796,20,6.5,30,3,
796,20,6.5,35,3,
797,20,6.5,30,3,
797,20,6.5,35,3,
798,20,6.5,30,3,
798,20,6.5,35,3,
799,20,6.5,30,3,
799,20,6.5,35,3,
800,20,6.5,30,3,
800,20,6.5,35,3,
801,20,6.5,30,3,
801,20,6.5,35,3,
802,20,6.5,30,3,
802,20,6.5,35,3,
803,20,6.5,30,3,
803,20,6.5,35,3,
804,20,6.5,30,3,
804,20,6.5,35,3,
805,20,6.5,30,3,
805,20,6.5,35,3,
806,20,6.5,30,3,
806,20,6.5,35,3,
807,20,6.5,30,3,
807,20,6.5,35,3,
808,20,6.5,30,3,
808,20,6.5,35,3,
809,20,6.5,30,3,
809,20,6.5,35,3,
810,20,6.5,30,3,
810,20,6.5,35,3,
811,20,6.5,30,3,
811,20,6.5,35,3,
812,20,6.5,30,3,
812,20,6.5,35,3,
813,20,6.5,30,3,
813,20,6.5,35,3,
814,20,6.5,30,3,
814,20,6.5,35,3,
815,20,6.5,30,3,
815,20,6.5,35,3,
816,20,6.5,30,3,
816,20,6.5,35,3,
817,20,6.5,30,3,
817,20,6.5,35,3,
818,20,6.5,30,3,
818,20,6.5,35,3,
819,20,6.5,30,3,
819,20,6.5,35,3,
820,20,6.5,30,3,
820,20,6.5,35,3,
821,20,6.5,30,3,
821,20,6.5,35,3,
822,20,6.5,30,3,
822,20,6.5,35,3,
823,20,6.5,30,3,
823,20,6.5,35,3,
824,20,6.5,30,3,
824,20,6.5,35,3,
825,20,6.5,30,3,
825,20,6.5,35,3,
826,20,6.5,30,3,
826,20,6.5,35,3,
827,20,6.5,30,3,
827,20,6.5,35,3,
828,20,6.5,30,3,
828,20,6.5,35,3,
829,20,6.5,30,3,
829,20,6.5,35,3,
830,20,6.5,30,3,
830,20,6.5,35,3,
831,20,6.5,30,3,
831,20,6.5,35,3,
832,20,6.5,30,3,
832,20,6.5,35,3,
833,20,6.5,30,3,
833,20,6.5,35,3,
834,20,6.5,30,3,
834,20,6.5,35,3,
835,20,6.5,30,3,
835,20,6.5,35,3,
836,20,6.5,30,3,
836,20,6.5,35,3,
837,20,6.5,30,3,
837,20,6.5,35,3,
838,20,6.5,30,3,
838,20,6.5,35,3,
839,20,6.5,30,3,
839,20,6.5,35,3,
840,20,6.5,30,3,
840,20,6.5,35,3,
841,20,6.5,30,3,
841,20,6.5,35,3,
842,20,6.5,30,3,
842,20,6.5,35,3,
843,20,6.5,30,3,
843,20,6.5,35,3,
844,20,6.5,30,3,
844,20,6.5,35,3,
845,20,6.5,30,3,
845,20,6.5,35,3,
846,20,6.5,30,3,
846,20,6.5,35,3,
847,20,6.5,30,3,
847,20,6.5,35,3,
848,20,6.5,30,3,
848,20,6.5,35,3,
849,20,6.5,30,3,
849,20,6.5,35,3,
850,20,6.5,30,3,
850,20,6.5,35,3,
851,20,6.5,30,3,
851,20,6.5,35,3,
852,20,6.5,30,3,
852,20,6.5,35,3,
853,20,6.5,30,3,
853,20,6.5,35,3,
854,20,6.5,30,3,
854,20,6.5,35,3,
855,20,6.5,30,3,
855,20,6.5,35,3,
856,20,6.5,30,3,
856,20,6.5,35,3,
857,20,6.5,30,3,
857,20,6.5,35,3,
858,20,6.5,30,3,
858,20,6.5,35,3,
859,20,6.5,30,3,
859,20,6.5,35,3,
860,20,6.5,30,3,
860,20,6.5,35,3,
861,20,6.5,30,3,
861,20,6.5,35,3,
862,20,6.5,30,3,
862,20,6.5,35,3,
863,20,6.5,30,3,
863,20,6.5,35,3,
864,20,6.5,30,3,
864,20,6.5,35,3,
865,20,6.5,30,3,
865,20,6.5,35,3,
866,20,6.5,30,3,
866,20,6.5,35,3,
867,20,6.5,30,3,
867,20,6.5,35,3,
868,20,6.5,30,3,
868,20,6.5,35,3,
869,20,6.5,30,3,
869,20,6.5,35,3,
870,20,6.5,30,3,
870,20,6.5,35,3,
871,20,6.5,30,3,
871,20,6.5,35,3,
872,20,6.5,30,3,
872,20,6.5,35,3,
873,20,6.5,30,3,
873,20,6.5,35,3,
874,20,6.5,30,3,
874,20,6.5,35,3,
875,20,6.5,30,3,
875,20,6.5,35,3,
876,20,6.5,30,3,
876,20,6.5,35,3,
877,20,6.5,30,3,
877,20,6.5,35,3,
878,20,6.5,30,3,
878,20,6.5,35,3,
879,20,6.5,30,3,
879,20,6.5,35,3,
880,20,6.5,30,3,
880,20,6.5,35,3,
881,20,6.5,30,3,
881,20,6.5,35,3,
882,20,6.5,30,3,
882,20,6.5,35,3,
883,20,6.5,30,3,
883,20,6.5,35,3,
884,20,6.5,30,3,
884,20,6.5,35,3,
885,20,6.5,30,3,
885,20,6.5,35,3,
886,20,6.5,30,3,
886,20,6.5,35,3,
887,20,6.5,30,3,
887,20,6.5,35,3,
888,20,6.5,30,3,
888,20,6.5,35,3,
889,20,6.5,30,3,
889,20,6.5,35,3,
890,20,6.5,30,3,
890,20,6.5,35,3,
891,20,6.5,30,3,
891,20,6.5,35,3,
892,20,6.5,30,3,
892,20,6.5,35,3,
893,20,6.5,30,3,
893,20,6.5,35,3,
894,20,6.5,30,3,
894,20,6.5,35,3,
895,20,6.5,30,3,
895,20,6.5,35,3,
896,20,6.5,30,3,
896,20,6.5,35,3,
897,20,6.5,30,3,
897,20,6.5,35,3,
898,20,6.5,30,3,
898,20,6.5,35,3,
899,20,6.5,30,3,
899,20,6.5,35,3,
900,20,6.5,30,3,
900,20,6.5,35,3,
901,20,6.5,30,3,
901,20,6.5,35,3,
902,20,6.5,30,3,
902,20,6.5,35,3,
903,20,6.5,30,3,
903,20,6.5,35,3,
904,20,6.5,30,3,
904,20,6.5,35,3,
905,20,6.5,30,3,
905,20,6.5,35,3,
906,20,6.5,30,3,
906,20,6.5,35,3,
907,20,6.5,30,3,
907,20,6.5,35,3,
908,20,6.5,30,3,
908,20,6.5,35,3,
909,20,6.5,30,3,
909,20,6.5,35,3,
910,20,6.5,30,3,
910,20,6.5,35,3,
911,20,6.5,30,3,
911,20,6.5,35,3,
912,20,6.5,30,3,
912,20,6.5,35,3,
913,20,6.5,30,3,
913,20,6.5,35,3,
914,20,6.5,30,3,
914,20,6.5,35,3,
915,20,6.5,30,3,
915,20,6.5,35,3,
916,20,6.5,30,3,
916,20,6.5,35,3,
917,20,6.5,30,3,
917,20,6.5,35,3,
918,20,6.5,30,3,
918,20,6.5,35,3,
919,20,6.5,30,3,
919,20,6.5,35,3,
920,20,6.5,30,3,
920,20,6.5,35,3,
921,20,6.5,30,3,
921,20,6.5,35,3,
922,20,6.5,30,3,
922,20,6.5,35,3,
923,20,6.5,30,3,
923,20,6.5,35,3,
924,20,6.5,30,3,
924,20,6.5,35,3,
925,20,6.5,30,3,
925,20,6.5,35,3,
926,20,6.5,30,3,
926,20,6.5,35,3,
927,20,6.5,30,3,
927,20,6.5,35,3,
928,20,6.5,30,3,
928,20,6.5,35,3,
929,20,6.5,30,3,
929,20,6.5,35,3,
930,20,6.5,30,3,
930,20,6.5,35,3,
931,20,6.5,30,3,
931,20,6.5,35,3,
932,20,6.5,30,3,
932,20,6.5,35,3,
933,20,6.5,30,3,
933,20,6.5,35,3,
934,20,6.5,30,3,
934,20,6.5,35,3,
935,20,6.5,30,3,
935,20,6.5,35,3,
936,20,6.5,30,3,
936,20,6.5,35,3,
937,20,6.5,30,3,
937,20,6.5,35,3,
938,20,6.5,30,3,
938,20,6.5,35,3,
939,20,6.5,30,3,
939,20,6.5,35,3,
940,20,6.5,30,3,
940,20,6.5,35,3,
941,20,6.5,30,3,
941,20,6.5,35,3,
942,20,6.5,30,3,
942,20,6.5,35,3,
943,20,6.5,30,3,
943,20,6.5,35,3,
944,20,6.5,30,3,
944,20,6.5,35,3,
945,20,6.5,30,3,
945,20,6.5,35,3,
946,20,6.5,30,3,
946,20,6.5,35,3,
947,20,6.5,30,3,
947,20,6.5,35,3,
948,20,6.5,30,3,
948,20,6.5,35,3,
949,20,6.5,30,3,
949,20,6.5,35,3,
950,20,6.5,30,3,
950,20,6.5,35,3,
951,20,6.5,30,3,
951,20,6.5,35,3,
952,20,6.5,30,3,
952,20,6.5,35,3,
953,20,6.5,30,3,
953,20,6.5,35,3,
954,20,6.5,30,3,
954,20,6.5,35,3,
955,20,6.5,30,3,
955,20,6.5,35,3,
956,20,6.5,30,3,
956,20,6.5,35,3,
957,20,6.5,30,3,
957,20,6.5,35,3,
958,20,6.5,30,3,
958,20,6.5,35,3,
959,20,6.5,30,3,
959,20,6.5,35,3,
960,20,6.5,30,3,
960,20,6.5,35,3,
961,20,6.5,30,3,
961,20,6.5,35,3,
962,20,6.5,30,3,
962,20,6.5,35,3,
963,20,6.5,30,3,
963,20,6.5,35,3,
964,20,6.5,30,3,
964,20,6.5,35,3,
965,20,6.5,30,3,
965,20,6.5,35,3,
966,20,6.5,30,3,
966,20,6.5,35,3,
967,20,6.5,30,3,
967,20,6.5,35,3,
968,20,6.5,30,3,
968,20,6.5,35,3,
969,20,6.5,30,3,
969,20,6.5,35,3,
970,20,6.5,30,3,
970,20,6.5,35,3,
971,20,6.5,30,3,
971,20,6.5,35,3,
972,20,6.5,30,3,
972,20,6.5,35,3,
973,20,6.5,30,3,
973,20,6.5,35,3,
974,20,6.5,30,3,
974,20,6.5,35,3,
975,20,6.5,30,3,
975,20,6.5,35,3,
976,20,6.5,30,3,
976,20,6.5,35,3,
977,20,6.5,30,3,
977,20,6.5,35,3,
978,20,6.5,30,3,
978,20,6.5,35,3,
979,20,6.5,30,3,
979,20,6.5,35,3,
980,20,6.5,30,3,
980,20,6.5,35,3,
981,20,6.5,30,3,
981,20,6.5,35,3,
982,20,6.5,30,3,
982,20,6.5,35,3,
983,20,6.5,30,3,
983,20,6.5,35,3,
984,20,6.5,30,3,
984,20,6.5,35,3,
985,20,6.5,30,3,
985,20,6.5,35,3,
986,20,6.5,30,3,
986,20,6.5,35,3,
987,20,6.5,30,3,
987,20,6.5,35,3,
988,20,6.5,30,3,
988,20,6.5,35,3,
989,20,6.5,30,3,
989,20,6.5,35,3,
990,20,6.5,30,3,
990,20,6.5,35,3,
991,20,6.5,30,3,
991,20,6.5,35,3,
992,20,6.5,30,3,
992,20,6.5,35,3,
993,20,6.5,30,3,
993,20,6.5,35,3,
994,20,6.5,30,3,
994,20,6.5,35,3,
995,20,6.5,30,3,
995,20,6.5,35,3,
996,20,6.5,30,3,
996,20,6.5,35,3,
997,20,6.5,30,3,
997,20,6.5,35,3,
998,20,6.5,30,3,
998,20,6.5,35,3,
999,20,6.5,30,3,
999,20,6.5,35,3,
1000,20,6.5,30,3,
1000,20,6.5,35,3,